CREATE DATABASE  IF NOT EXISTS `combustivel_aop2` /*!40100 DEFAULT CHARACTER SET utf8mb4 COLLATE utf8mb4_0900_ai_ci */ /*!80016 DEFAULT ENCRYPTION='N' */;
USE `combustivel_aop2`;
-- MySQL dump 10.13  Distrib 8.0.38, for Win64 (x86_64)
--
-- Host: localhost    Database: combustivel_aop2
-- ------------------------------------------------------
-- Server version	8.0.39

/*!40101 SET @OLD_CHARACTER_SET_CLIENT=@@CHARACTER_SET_CLIENT */;
/*!40101 SET @OLD_CHARACTER_SET_RESULTS=@@CHARACTER_SET_RESULTS */;
/*!40101 SET @OLD_COLLATION_CONNECTION=@@COLLATION_CONNECTION */;
/*!50503 SET NAMES utf8 */;
/*!40103 SET @OLD_TIME_ZONE=@@TIME_ZONE */;
/*!40103 SET TIME_ZONE='+00:00' */;
/*!40014 SET @OLD_UNIQUE_CHECKS=@@UNIQUE_CHECKS, UNIQUE_CHECKS=0 */;
/*!40014 SET @OLD_FOREIGN_KEY_CHECKS=@@FOREIGN_KEY_CHECKS, FOREIGN_KEY_CHECKS=0 */;
/*!40101 SET @OLD_SQL_MODE=@@SQL_MODE, SQL_MODE='NO_AUTO_VALUE_ON_ZERO' */;
/*!40111 SET @OLD_SQL_NOTES=@@SQL_NOTES, SQL_NOTES=0 */;

--
-- Table structure for table `combustiveis`
--

DROP TABLE IF EXISTS `combustiveis`;
/*!40101 SET @saved_cs_client     = @@character_set_client */;
/*!50503 SET character_set_client = utf8mb4 */;
CREATE TABLE `combustiveis` (
  `id` int NOT NULL AUTO_INCREMENT,
  `tipo` varchar(50) NOT NULL,
  PRIMARY KEY (`id`)
) ENGINE=InnoDB AUTO_INCREMENT=5 DEFAULT CHARSET=utf8mb4 COLLATE=utf8mb4_0900_ai_ci;
/*!40101 SET character_set_client = @saved_cs_client */;

--
-- Dumping data for table `combustiveis`
--

LOCK TABLES `combustiveis` WRITE;
/*!40000 ALTER TABLE `combustiveis` DISABLE KEYS */;
INSERT INTO `combustiveis` VALUES (1,'Gasolina'),(2,'Etanol'),(3,'Diesel'),(4,'Gasolina Aditivada');
/*!40000 ALTER TABLE `combustiveis` ENABLE KEYS */;
UNLOCK TABLES;

--
-- Table structure for table `postos`
--

DROP TABLE IF EXISTS `postos`;
/*!40101 SET @saved_cs_client     = @@character_set_client */;
/*!50503 SET character_set_client = utf8mb4 */;
CREATE TABLE `postos` (
  `id` int NOT NULL AUTO_INCREMENT,
  `nomeid` varchar(100) NOT NULL,
  `endereco` varchar(200) NOT NULL,
  PRIMARY KEY (`id`)
) ENGINE=InnoDB AUTO_INCREMENT=7 DEFAULT CHARSET=utf8mb4 COLLATE=utf8mb4_0900_ai_ci;
/*!40101 SET character_set_client = @saved_cs_client */;

--
-- Dumping data for table `postos`
--

LOCK TABLES `postos` WRITE;
/*!40000 ALTER TABLE `postos` DISABLE KEYS */;
INSERT INTO `postos` VALUES (1,'Posto Petrobas','Av. Nair Azevedo Silva, 1 76 - Ilha do Príncipe'),(2,'Posto Auto Posto','Rod - Av. Carlos Lindenberg, 101'),(3,'Posto Valentim','BR-262 - Vila Capixaba'),(4,'Posto Ipiranga','Av. Nair Azevedo Silva, 430 - Ilha do Príncipe'),(5,'Posto Shell','Av. Leitão da Silva, 420 - Praia do Suá'),(6,'Posto Ataide','Rua São Joao, 50 - Ataide');
/*!40000 ALTER TABLE `postos` ENABLE KEYS */;
UNLOCK TABLES;

--
-- Table structure for table `precos_combustivel`
--

DROP TABLE IF EXISTS `precos_combustivel`;
/*!40101 SET @saved_cs_client     = @@character_set_client */;
/*!50503 SET character_set_client = utf8mb4 */;
CREATE TABLE `precos_combustivel` (
  `id` int NOT NULL AUTO_INCREMENT,
  `id_posto` int DEFAULT NULL,
  `id_combustivel` int DEFAULT NULL,
  `preco` decimal(5,2) NOT NULL,
  `data_atualizacao` date DEFAULT NULL,
  PRIMARY KEY (`id`),
  KEY `id_posto` (`id_posto`),
  KEY `id_combustivel` (`id_combustivel`),
  CONSTRAINT `precos_combustivel_ibfk_1` FOREIGN KEY (`id_posto`) REFERENCES `postos` (`id`),
  CONSTRAINT `precos_combustivel_ibfk_2` FOREIGN KEY (`id_combustivel`) REFERENCES `combustiveis` (`id`)
) ENGINE=InnoDB AUTO_INCREMENT=241 DEFAULT CHARSET=utf8mb4 COLLATE=utf8mb4_0900_ai_ci;
/*!40101 SET character_set_client = @saved_cs_client */;

--
-- Dumping data for table `precos_combustivel`
--

LOCK TABLES `precos_combustivel` WRITE;
/*!40000 ALTER TABLE `precos_combustivel` DISABLE KEYS */;
INSERT INTO `precos_combustivel` VALUES (1,1,1,5.60,'2024-09-08'),(2,1,1,5.61,'2024-09-09'),(3,1,1,5.62,'2024-09-10'),(4,1,1,5.63,'2024-09-11'),(5,1,1,5.64,'2024-09-12'),(6,1,1,5.65,'2024-09-13'),(7,1,1,5.66,'2024-09-14'),(8,1,1,5.67,'2024-09-15'),(9,1,1,5.68,'2024-09-16'),(10,1,1,5.69,'2024-09-17'),(11,1,2,4.50,'2024-09-08'),(12,1,2,4.51,'2024-09-09'),(13,1,2,4.52,'2024-09-10'),(14,1,2,4.53,'2024-09-11'),(15,1,2,4.54,'2024-09-12'),(16,1,2,4.55,'2024-09-13'),(17,1,2,4.56,'2024-09-14'),(18,1,2,4.57,'2024-09-15'),(19,1,2,4.58,'2024-09-16'),(20,1,2,4.59,'2024-09-17'),(21,1,3,6.20,'2024-09-08'),(22,1,3,6.21,'2024-09-09'),(23,1,3,6.22,'2024-09-10'),(24,1,3,6.23,'2024-09-11'),(25,1,3,6.24,'2024-09-12'),(26,1,3,6.25,'2024-09-13'),(27,1,3,6.26,'2024-09-14'),(28,1,3,6.27,'2024-09-15'),(29,1,3,6.28,'2024-09-16'),(30,1,3,6.29,'2024-09-17'),(31,1,4,3.90,'2024-09-08'),(32,1,4,3.91,'2024-09-09'),(33,1,4,3.92,'2024-09-10'),(34,1,4,3.93,'2024-09-11'),(35,1,4,3.94,'2024-09-12'),(36,1,4,3.95,'2024-09-13'),(37,1,4,3.96,'2024-09-14'),(38,1,4,3.97,'2024-09-15'),(39,1,4,3.98,'2024-09-16'),(40,1,4,3.99,'2024-09-17'),(41,2,1,5.70,'2024-09-08'),(42,2,1,5.71,'2024-09-09'),(43,2,1,5.72,'2024-09-10'),(44,2,1,5.73,'2024-09-11'),(45,2,1,5.74,'2024-09-12'),(46,2,1,5.75,'2024-09-13'),(47,2,1,5.76,'2024-09-14'),(48,2,1,5.77,'2024-09-15'),(49,2,1,5.78,'2024-09-16'),(50,2,1,5.79,'2024-09-17'),(51,2,2,4.60,'2024-09-08'),(52,2,2,4.61,'2024-09-09'),(53,2,2,4.62,'2024-09-10'),(54,2,2,4.63,'2024-09-11'),(55,2,2,4.64,'2024-09-12'),(56,2,2,4.65,'2024-09-13'),(57,2,2,4.66,'2024-09-14'),(58,2,2,4.67,'2024-09-15'),(59,2,2,4.68,'2024-09-16'),(60,2,2,4.69,'2024-09-17'),(61,2,3,6.30,'2024-09-08'),(62,2,3,6.31,'2024-09-09'),(63,2,3,6.32,'2024-09-10'),(64,2,3,6.33,'2024-09-11'),(65,2,3,6.34,'2024-09-12'),(66,2,3,6.35,'2024-09-13'),(67,2,3,6.36,'2024-09-14'),(68,2,3,6.37,'2024-09-15'),(69,2,3,6.38,'2024-09-16'),(70,2,3,6.39,'2024-09-17'),(71,2,4,4.00,'2024-09-08'),(72,2,4,4.01,'2024-09-09'),(73,2,4,4.02,'2024-09-10'),(74,2,4,4.03,'2024-09-11'),(75,2,4,4.04,'2024-09-12'),(76,2,4,4.05,'2024-09-13'),(77,2,4,4.06,'2024-09-14'),(78,2,4,4.07,'2024-09-15'),(79,2,4,4.08,'2024-09-16'),(80,2,4,4.09,'2024-09-17'),(81,3,1,5.80,'2024-09-08'),(82,3,1,5.81,'2024-09-09'),(83,3,1,5.82,'2024-09-10'),(84,3,1,5.83,'2024-09-11'),(85,3,1,5.84,'2024-09-12'),(86,3,1,5.85,'2024-09-13'),(87,3,1,5.86,'2024-09-14'),(88,3,1,5.87,'2024-09-15'),(89,3,1,5.88,'2024-09-16'),(90,3,1,5.89,'2024-09-17'),(91,3,2,4.70,'2024-09-08'),(92,3,2,4.71,'2024-09-09'),(93,3,2,4.72,'2024-09-10'),(94,3,2,4.73,'2024-09-11'),(95,3,2,4.74,'2024-09-12'),(96,3,2,4.75,'2024-09-13'),(97,3,2,4.76,'2024-09-14'),(98,3,2,4.77,'2024-09-15'),(99,3,2,4.78,'2024-09-16'),(100,3,2,4.79,'2024-09-17'),(101,3,3,6.40,'2024-09-08'),(102,3,3,6.41,'2024-09-09'),(103,3,3,6.42,'2024-09-10'),(104,3,3,6.43,'2024-09-11'),(105,3,3,6.44,'2024-09-12'),(106,3,3,6.45,'2024-09-13'),(107,3,3,6.46,'2024-09-14'),(108,3,3,6.47,'2024-09-15'),(109,3,3,6.48,'2024-09-16'),(110,3,3,6.49,'2024-09-17'),(111,3,4,4.10,'2024-09-08'),(112,3,4,4.11,'2024-09-09'),(113,3,4,4.12,'2024-09-10'),(114,3,4,4.13,'2024-09-11'),(115,3,4,4.14,'2024-09-12'),(116,3,4,4.15,'2024-09-13'),(117,3,4,4.16,'2024-09-14'),(118,3,4,4.17,'2024-09-15'),(119,3,4,4.18,'2024-09-16'),(120,3,4,4.19,'2024-09-17'),(121,4,1,5.90,'2024-09-08'),(122,4,1,5.91,'2024-09-09'),(123,4,1,5.92,'2024-09-10'),(124,4,1,5.93,'2024-09-11'),(125,4,1,5.94,'2024-09-12'),(126,4,1,5.95,'2024-09-13'),(127,4,1,5.96,'2024-09-14'),(128,4,1,5.97,'2024-09-15'),(129,4,1,5.98,'2024-09-16'),(130,4,1,5.99,'2024-09-17'),(131,4,2,4.80,'2024-09-08'),(132,4,2,4.81,'2024-09-09'),(133,4,2,4.82,'2024-09-10'),(134,4,2,4.83,'2024-09-11'),(135,4,2,4.84,'2024-09-12'),(136,4,2,4.85,'2024-09-13'),(137,4,2,4.86,'2024-09-14'),(138,4,2,4.87,'2024-09-15'),(139,4,2,4.88,'2024-09-16'),(140,4,2,4.89,'2024-09-17'),(141,4,3,6.50,'2024-09-08'),(142,4,3,6.51,'2024-09-09'),(143,4,3,6.52,'2024-09-10'),(144,4,3,6.53,'2024-09-11'),(145,4,3,6.54,'2024-09-12'),(146,4,3,6.55,'2024-09-13'),(147,4,3,6.56,'2024-09-14'),(148,4,3,6.57,'2024-09-15'),(149,4,3,6.58,'2024-09-16'),(150,4,3,6.59,'2024-09-17'),(151,4,4,4.20,'2024-09-08'),(152,4,4,4.21,'2024-09-09'),(153,4,4,4.22,'2024-09-10'),(154,4,4,4.23,'2024-09-11'),(155,4,4,4.24,'2024-09-12'),(156,4,4,4.25,'2024-09-13'),(157,4,4,4.26,'2024-09-14'),(158,4,4,4.27,'2024-09-15'),(159,4,4,4.28,'2024-09-16'),(160,4,4,4.29,'2024-09-17'),(161,5,1,6.00,'2024-09-08'),(162,5,1,6.01,'2024-09-09'),(163,5,1,6.02,'2024-09-10'),(164,5,1,6.03,'2024-09-11'),(165,5,1,6.04,'2024-09-12'),(166,5,1,6.05,'2024-09-13'),(167,5,1,6.06,'2024-09-14'),(168,5,1,6.07,'2024-09-15'),(169,5,1,6.08,'2024-09-16'),(170,5,1,6.09,'2024-09-17'),(171,5,2,4.90,'2024-09-08'),(172,5,2,4.91,'2024-09-09'),(173,5,2,4.92,'2024-09-10'),(174,5,2,4.93,'2024-09-11'),(175,5,2,4.94,'2024-09-12'),(176,5,2,4.95,'2024-09-13'),(177,5,2,4.96,'2024-09-14'),(178,5,2,4.97,'2024-09-15'),(179,5,2,4.98,'2024-09-16'),(180,5,2,4.99,'2024-09-17'),(181,5,3,6.60,'2024-09-08'),(182,5,3,6.61,'2024-09-09'),(183,5,3,6.62,'2024-09-10'),(184,5,3,6.63,'2024-09-11'),(185,5,3,6.64,'2024-09-12'),(186,5,3,6.65,'2024-09-13'),(187,5,3,6.66,'2024-09-14'),(188,5,3,6.67,'2024-09-15'),(189,5,3,6.68,'2024-09-16'),(190,5,3,6.69,'2024-09-17'),(191,5,4,4.30,'2024-09-08'),(192,5,4,4.31,'2024-09-09'),(193,5,4,4.32,'2024-09-10'),(194,5,4,4.33,'2024-09-11'),(195,5,4,4.34,'2024-09-12'),(196,5,4,4.35,'2024-09-13'),(197,5,4,4.36,'2024-09-14'),(198,5,4,4.37,'2024-09-15'),(199,5,4,4.38,'2024-09-16'),(200,5,4,4.39,'2024-09-17'),(201,6,1,6.10,'2024-09-08'),(202,6,1,6.11,'2024-09-09'),(203,6,1,6.12,'2024-09-10'),(204,6,1,6.13,'2024-09-11'),(205,6,1,6.14,'2024-09-12'),(206,6,1,6.15,'2024-09-13'),(207,6,1,6.16,'2024-09-14'),(208,6,1,6.17,'2024-09-15'),(209,6,1,6.18,'2024-09-16'),(210,6,1,6.19,'2024-09-17'),(211,6,2,5.00,'2024-09-08'),(212,6,2,5.01,'2024-09-09'),(213,6,2,5.02,'2024-09-10'),(214,6,2,5.03,'2024-09-11'),(215,6,2,5.04,'2024-09-12'),(216,6,2,5.05,'2024-09-13'),(217,6,2,5.06,'2024-09-14'),(218,6,2,5.07,'2024-09-15'),(219,6,2,5.08,'2024-09-16'),(220,6,2,5.09,'2024-09-17'),(221,6,3,6.70,'2024-09-08'),(222,6,3,6.71,'2024-09-09'),(223,6,3,6.72,'2024-09-10'),(224,6,3,6.73,'2024-09-11'),(225,6,3,6.74,'2024-09-12'),(226,6,3,6.75,'2024-09-13'),(227,6,3,6.76,'2024-09-14'),(228,6,3,6.77,'2024-09-15'),(229,6,3,6.78,'2024-09-16'),(230,6,3,6.79,'2024-09-17'),(231,6,4,4.40,'2024-09-08'),(232,6,4,4.41,'2024-09-09'),(233,6,4,4.42,'2024-09-10'),(234,6,4,4.43,'2024-09-11'),(235,6,4,4.44,'2024-09-12'),(236,6,4,4.45,'2024-09-13'),(237,6,4,4.46,'2024-09-14'),(238,6,4,4.47,'2024-09-15'),(239,6,4,4.48,'2024-09-16'),(240,6,4,4.49,'2024-09-17');
/*!40000 ALTER TABLE `precos_combustivel` ENABLE KEYS */;
UNLOCK TABLES;
/*!40103 SET TIME_ZONE=@OLD_TIME_ZONE */;

/*!40101 SET SQL_MODE=@OLD_SQL_MODE */;
/*!40014 SET FOREIGN_KEY_CHECKS=@OLD_FOREIGN_KEY_CHECKS */;
/*!40014 SET UNIQUE_CHECKS=@OLD_UNIQUE_CHECKS */;
/*!40101 SET CHARACTER_SET_CLIENT=@OLD_CHARACTER_SET_CLIENT */;
/*!40101 SET CHARACTER_SET_RESULTS=@OLD_CHARACTER_SET_RESULTS */;
/*!40101 SET COLLATION_CONNECTION=@OLD_COLLATION_CONNECTION */;
/*!40111 SET SQL_NOTES=@OLD_SQL_NOTES */;

-- Dump completed on 2024-09-23 19:13:01
